'VwrrSYZzRs','MP6x3SMkg','LkwzNLZkgz'
'VwrrIYZkRP','GP6bqSGkgz','YzwzNLZzgI'
'Vwr9ILZzRI','MPexqIGkgm','YzQzNLWzRv'
'Vw99SLWzR6','MPebqSMkRZ','LkwzNLZkgz'
'VQrrSYWkgz','GPex3IGkgM','YzwzNLZzgI'
'VQr9SYWkgr','MP6x3SMkR7','YzQzNLWzRv'
'VQr9SLZzRq','ME6b3IGzRV','LkwzNLZkgz'
'VQr9SLWzRi','GP6bqSGkgI','YzwzNLZzgI'
'VQr9IYZkgn','MPexqSMzgN','YzQzNLWzRv'
'VQ99IYWkRk','ME6b3SMkgv','LkwzNLZkgz'
'SwrrSLWkgU','GEeb3SMzRO','YzwzNLZzgI'
'Swr9SLZzRm','GE6x3SGkRF','YzQzNLWzRv'
'Swr9IYZzRG','ME6x3SGzRc','LkwzNLZkgz'
'Swr9IYZkgp','MPex3IGkRp','YzwzNLZzgI'
'Sw99SYWkga','GP6x3IMkgh','YzQzNLWzRv'
'Sw99ILZkgd','GE6b3SMkRo','LkwzNLZkgz'
'Sw99ILWkRn','GP6xqIGzg0','YzwzNLZzgI'
'Sw99ILWkRL','MEex3IGkg1','YzQzNLWzRv'
'SQrrSYZzgH','GP6bqSGkRx','LkwzNLZkgz'
'SQrrILWzRR','MP6b3SGzg'-,'YzwzNLZzgI'
'SQ9rSLWkRq','GPex3IMkgf','YzQzNLWzRv'
'SQ99IYZkgM','GE6bqSGkRY','LkwzNLZkgz'
'SQ99ILZzgy','MP6x3IMzRP','YzwzNLZzgI'
'IwrrSYZkgB','ME6xqIGkgs','YzQzNLWzRv'
'IwrrSYWzgb','ME6x3SMzR8','LkwzNLZkgz'
'IwrrSLZzg2','MP6x3IMzRQ','YzwzNLZzgI'
'IwrrSLWkgI','GPex3IGkR_','YzQzNLWzRv'
'IwrrILZzR6','GP6b3IGzRu','LkwzNLZkgz'
'Iwr9ILZzRS','ME6bqSGzgr','YzwzNLZzgI'
'Iw9rSYZzRl','ME6bqIGkgj','YzQzNLWzRv'
'Iw9rSYWkg9','ME6xqIGzgq','LkwzNLZkgz'
'Iw99SYZkgf','GPebqSGkg6','YzwzNLZzgI'
'Iw99SYWzR4','GE6bqSGkRR','YzQzNLWzRv'
'Iw99SLZzR','GE6xqIGkRk','LkwzNLZkgz'
'Iw99IYWzgu','MPexqIGkRi','YzwzNLZzgI'
'Iw99ILZkgw','MP6b3SMzRW','YzQzNLWzRv'
'IQrrIYZzgk','GE6xqSMkRG','LkwzNLZkgz'
'IQr9IYZkgt','ME6bqSGzgn','YzwzNLZzgI'
'IQ9rSYWkgV','GE6b3IMzR4','YzQzNLWzRv'
'IQ99SLZkgc','GEexqSGkRS','LkwzNLZkgz'
'4wrrIYWzgM','GPeb3IMzRH','YzwzNLZzgI'
'4wrrILZzR','ME6bqIMzRD','YzQzNLWzRv'
'4wr9SLWkRo','MPexqSGkgd','LkwzNLZkgz'
'4wr9ILZzgQ','GEebqSMzgK','YzwzNLZzgI'
'4wr9ILZzg4','MPebqSMzg5','YzQzNLWzRv'
'4wr9ILWkgY','ME6xqIGzRt','LkwzNLZkgz'
'4w9rSLZzRF','ME6xqIGzg2','YzwzNLZzgI'
'4w9rSLWzgW','GP6xqSGkgT','YzQzNLWzRv'
'4w9rSLWkgR','MP6b3IMzgA','LkwzNLZkgz'
'4w9rILZzgO','GPex3IGkgJ','YzwzNLZzgI'
'4Q9rSYWkgv','GE6xqSMkgb','YzQzNLWzRv'
'4Q9rILWkRf','ME6b3IMzga','LkwzNLZkgz'
'4Q99ILWzRx','MEexqSGkgB','YzwzNLZzgI'
